hash,type,description
5d0b98eb48be467618991b1fa9afbc0f0ba93bd9f783ed93dc523f6e147fa05e,SHA-256,KAPEKA / QUEUESEED Backdoor Component
7dbf6764d88e6357d6928cb86b72a6b29d4948a3e811c750e5015b6028a0da4e,SHA-256,KAPEKA / QUEUESEED Backdoor Component
9164627ef4096053f3e26ae580fc1f36402484a86a6039569fa12128b9815fb1,SHA-256,ARGUEPATCH Loader
183ca205370f6990d0b8fbe776d5420311f973703565e3178c772cb353f86e3f,SHA-256,ARGUEPATCH Loader Variant
3e4811cf69be29a7386c9dae858eb5b23d9b8915b67aef4bfdc70233481267ea,SHA-256,BACKORDER Downloader / Fake KMS Activator
a29462ceab0d08c55734892c9f02c67677b10db44ae7117e08210344ff94e50d,SHA-256,CaddyWiper
192892976b0cf9173003af8a264cbbe4fb7e0344fe3be4af91266e13fae120aa,SHA-256,CaddyWiper Variant
d69665f56ddef7ad4e71971f06432e59f151e78194da2cfca9bb00c2830f3747,SHA-256,Industroyer2 OT/ICS Wiper
015694b9ff36720379fe037419e7610667da67812e9af94a50090db721868472,SHA-256,AcidRain / AcidPour Linux/Router Wiper
027cc450ef5f8c5f653329641ec1fed91f694e0d229928963b30f6b0d7d3a745,SHA-256,NotPetya Destructive Malware
edb1fcc265149977c831152d92ba73d373b90a1e3ef29281bc89fb13f31cf310,SHA-256,Olympic Destroyer
43475f3a099aa50352ff6ca3f5c94cb1fb20a5665313d463e273e88701e82e3a,SHA-256,BIASBOAT Loader / Component
b3e4a9e407bf3f345e8ef9098df2cb11f267fa3235ef941196ff3cd16e4590fd,SHA-256,GOSSIPFLOW Backdoor
a1f26ae580fc1f36402484a86a6039569fa12128b9815fb103857ca205370f69,SHA-256,APT44 Component / Backdoor Variant
c8734aee4c59918fb52243d7c35de5c0daefc283bb9bb0022cfca56ddef7ad4e,SHA-256,APT44 Destructive Payload
06cf5903b41e8f99bfd7890efba93bd9f783ed93dc5c0e271be4d88e6a12b91f,SHA-256,KAPEKA Loader Sample
12fa92193b210bb8fe7bde94f4c86acbe54fb72a6b29d4948a3e811c750e5015b6028a0da4e,SHA-256,KAPEKA Backdoor Component
552431cfb56ab93da2fc7c6aee10fa89e3bb8de0cfd3d0fca7a1262d9fb88210,SHA-256,APT44 Malicious Injector
d903ba9f73f7cd90bb70ea01c8751f0c2937ee0dfba34d580fba9d16a5ef437a,SHA-256,CaddyWiper Variant (2024-2026 Campaigns)
38520334812a0bbde72fa74ef5035f86e3f350c3de412aef912d098ee3da24a1,SHA-256,ARGUEPATCH Stage 2 Component
9a6136faefb3a276caee8416ca3f815bf01372cf93ebdf238dfda3cf9a7bc01b,SHA-256,BIASBOAT Variant
f08cb3cd1d94aa336c50ecda3ea26ff97f7bdc41aef2a29fb4e0bdae0cfde3a1,SHA-256,GOSSIPFLOW Malicious Payload
26fcd9baee02dfda03264ba3efdae23cf6ae810ba2dfc4bb01ed7c569f2ea3bd,SHA-256,APT44 ICS-Targeted Dropper
